<?xml version="1.0" encoding="UTF-8"?>
<beans>
	<bean id="fooTarget" class="test.edu.javaee.spring.aop.FooImpl" />
	<bean id="SimpleLogBeforeMehtod" class="test.edu.javaee.spring.aop.SimpleLogBeforeMehtod" />
	<bean id="SimpleLogAfterReturningAdvice" class="test.edu.javaee.spring.aop.SimpleLogAfterReturningAdvice" />
	
	<bean id="beforeAdvice" class="dev.edu.javaee.spring.aop.support.NameMatchMethodPointcutAdvisor"> 
  　　　　	<property name="advice"> 
　　　　　　		<ref local = "SimpleLogBeforeMehtod" />
 　　　　	</property> 
 　　　　	<property name="mappedNames">
			<list>
				<value>printFoo</value>
			</list>
		</property>
 　　	</bean>
 	<bean id="afterAdvice" class="dev.edu.javaee.spring.aop.support.JdkRegexpMethodPointcutAdvisor">
 		<property name="advice">
 			<ref local="SimpleLogAfterReturningAdvice" />
 		</property>
 		<property name="patterns" value="dummy.*"><!-- 正则表达式 -->
 		
 		</property>
 	</bean>
	<bean id="ProxyFactoryBean" class="test.edu.javaee.spring.ioc.ProxyFactoryBean">
		<property name="proxyInterfaces" value="test.edu.javaee.spring.aop.FooInterface" />
		
		<property name="target">
			<ref local="fooTarget" />
		</property>
		<property name="interceptorNames">
			<list>
				<value>beforeAdvice</value>
				<value>afterAdvice</value>
			</list>
		</property>
	</bean>
</beans>